{"cameraMode":{"drawMode":0,"name":"Shaded","section":"Shading Mode"},"sceneLighting":true,"audioPlay":false,"sceneViewState":{"showFog":false,"showMaterialUpdate":false,"showSkybox":true,"showFlares":false,"showImageEffects":false,"showParticleSystems":false},"in2DMode":false,"pivot":{"x":6.166698455810547,"y":-136.6531219482422,"z":117.9192123413086},"rotation":{"x":0.003385980846360326,"y":-0.7081606984138489,"z":0.7060399055480957,"w":0.0033970132935792209},"size":72.2508316040039,"orthographic":true}